ID,Status,Paper_Type,Title,Authors,Year,Venue,DOI,Database_Source,Dataset,Subjects,Channels,Emotion_Model,Label_Type,Classes_or_Dimensions,Stimulus_Type,Preprocessing,Feature_Type,Features,Model_Category,Model_Name,Training_Setup,Evaluation_Setting,Metrics,Best_Result,Code_Available,Main_Contribution,Limitations,Notes,
1,Core,Review,"A comprehensive review of deep learning in EEG-based emotion recognition: classifications, trends, and practical implications",Weizhi Ma; Yujia Zheng; Tianhao Li; Zhengping Li; Ying Li; Lijun Wang,2024,PeerJ Computer Science,10.7717/peerj-cs.2065,PubMed; PMC,,,,,,,,,,Deep Learning Review,,,Review,not applicable,,,"Provides a recent DL-focused review of EEG emotion recognition with emphasis on model categories, research trends, and practical issues.",Need full-text extraction for exact dataset coverage and taxonomy details.,Useful for positioning your paper against DL-only reviews.,,
2,Core,Review,EEG-based emotion recognition systems; comprehensive study,Hussein Ali Hamzah; Kasim K Abdalla,2024,Heliyon,10.1016/j.heliyon.2024.e31485,PubMed; ScienceDirect,,,,,,,,,time-domain; frequency-domain; time-frequency; nonlinear,Review of classical and DL methods,,,Review,not applicable,,,"Reviews EEG emotion recognition systems from feature extraction and pattern-recognition perspectives, with explicit attention to DL methods.",Less explicit about systematic-review protocol than PRISMA-oriented papers.,Good source for background on feature categories and system pipeline.,,
3,Core,Review,A review on EEG-based multimodal learning for emotion recognition,Rajasekhar Pillalamarri; Udhayakumar Shanmugam,2025,Artificial Intelligence Review,10.1007/s10462-025-11126-9,Springer,,,,,,,,,,Multimodal fusion review,,,Review,not applicable,,,"Covers EEG-centered multimodal emotion recognition, fusion strategies, modality representation, and classification schemes from 2017 to 2024.","Scope is multimodal rather than EEG-only, so it should be cited as an adjacent review rather than a direct baseline.",Useful if your introduction or future-work section discusses multimodal affective BCI.,,
4,Core,Review,"Emotion recognition in EEG Signals: Deep and machine learning approaches, challenges, and future directions",,2025,Computers in Biology and Medicine,10.1016/j.compbiomed.2025.110713,ScienceDirect,,,,,,,,,,ML and DL review,,,Review,not applicable,,,"Directly aligns with your topic by focusing on ML and DL methods, related challenges, and future directions in EEG emotion recognition.",Need full author metadata and full-text extraction for detailed categorization.,High topical overlap; important related-work paper for framing novelty.,,
5,Core,Review,"A Review of Deep Learning Techniques for EEG-Based Emotion Recognition: Models, Methods, and Datasets",P Sreehari; U Raghavendra; Anjan Gudigar,2025,F1000Research,10.12688/f1000research.171170.1,PubMed; PMC,public EEG emotion-recognition datasets,,,discrete and dimensional labels,reviewed across included studies,,,,,Deep Learning Systematic Review,,2020-2025 literature coverage,PRISMA-oriented review,accuracy and related study-reported metrics,,,"Systematic review following PRISMA; reports 233 included articles and explicitly organizes DL approaches, datasets, and evaluation strategies.",Needs careful use because it is very recent and review-specific conclusions should be checked against source studies when cited in depth.,Strong anchor for related-work section and methodology benchmarking.,,
6,Core,Review,Machine learning techniques to classify emotions from electroencephalogram topographic maps: A systematic review,Marla P Melo; Diana F Adamatti; Marilton S Aguiar,2025,Computers in Biology and Medicine,10.1016/j.compbiomed.2025.111022,PubMed; ScienceDirect,EEG topographic map studies,14 included publications,,discrete and dimensional labels,reviewed across included studies,,,,EEG topographic map conversion methods,ML and DL methods on ETM inputs,,up to July 2025 literature,PRISMA-oriented systematic review,classification accuracy and study-reported metrics,,,"Maps the state of the art for emotion recognition from EEG topographic maps, including datasets, ETM conversion methods, and subject-dependent versus subject-independent settings.",Narrow scope focused on EEG topographic-map representations rather than the full EEG emotion-recognition landscape.,Useful as a focused subsection reference if you discuss image-based EEG representations.,,
7,Core,Review,Deep Learning-Based EEG Emotion Recognition: A Review,Yunyang Liu; Wenbo Xue; Long Yang; Mengmeng Li,2025,Brain Sciences,10.3390/brainsci16010041,PubMed; PMC; MDPI,,,,,,,,,attention mechanisms; transfer learning; commonality-individuality framing,Deep Learning Review,,,Review,not applicable,,,Summarizes DL architectures for EEG emotion recognition and adds a commonality-individuality framing for discussing model design and generalization.,Very recent paper; claims about field gaps should be cross-checked against other 2024-2025 reviews.,Useful for future-directions and subject-independent generalization discussion.,,
8,Background,Review,Emotion recognition with EEG-based brain-computer interfaces: a systematic literature review,Kubra Erat; Elif Bilge Sahin; Furkan Dogan; Nur Merdanoglu; Ahmet Akcakaya; Pinar Onay Durdu,2024,Multimedia Tools and Applications,10.1007/s11042-024-18259-z,Springer,216 reviewed articles,,,,,,,,,,Systematic BCI review,,2016-2020 literature coverage,Systematic literature review,study-reported performance evaluation metrics,,,"Provides a broad systematic review of EEG-based BCI emotion-recognition systems covering acquisition, preprocessing, features, classification, and evaluation.","Published on 2024-03-01, which is slightly outside a strict 2-year window counted from 2026-03-26.",Important background review because it is explicitly BCI-centered and highly aligned conceptually with your topic.,
9,Screened,Original Research,Multi-source Selective Graph Domain Adaptation Network for cross-subject EEG emotion recognition,Jing Wang; Xiaojun Ning; Wei Xu; Yunze Li; Ziyu Jia; Youfang Lin,2024,Neural Networks,10.1016/j.neunet.2024.106742,PubMed,cross-subject EEG emotion datasets,,,,emotion recognition,cross-subject,,,,,Graph domain adaptation,MSGDAN,cross-subject,subject-independent,study-reported classification metrics,,,Targets subject-invariant representation learning and multi-source fusion for cross-subject EEG emotion recognition.,"Need full-text extraction for exact datasets, metrics, and preprocessing.",High-priority original study because cross-subject generalization is a major review axis.,
10,Screened,Original Research,A temporal-spectral graph convolutional neural network model for EEG emotion recognition within and across subjects,Rui Li; Xuanwen Yang; Jun Lou; Junsong Zhang,2024,Brain Informatics,10.1186/s40708-024-00242-x,PubMed; PMC,EEG emotion datasets,,,,emotion recognition,within-subject and cross-subject,,,,,Graph neural network,TSGCN,within-subject and cross-subject,subject-dependent and subject-independent,study-reported classification metrics,,,"Proposes a temporal-spectral GCN to jointly model time, frequency, and spatial relations in EEG emotion recognition.",Need full-text extraction for detailed benchmark setting and comparative results.,Useful for comparing graph-based architectures across evaluation settings.,
11,Screened,Original Research,EEG-based emotion recognition using graph convolutional neural network with dual attention mechanism,Wei Chen; Yuan Liao; Rui Dai; Yuanlin Dong; Liya Huang,2024,Frontiers in Computational Neuroscience,10.3389/fncom.2024.1416494,PubMed; PMC,EEG emotion datasets,,,,emotion recognition,,,,,,Graph neural network with attention,dual-attention GCN,,study-reported setting,study-reported classification metrics,,,Uses graph convolution with dual attention to improve emotion-relevant spatial representation.,Need exact datasets and protocol details from the paper.,Representative 2024 graph-attention paper.,
12,Screened,Original Research,Graph Convolutional Network With Connectivity Uncertainty for EEG-Based Emotion Recognition,Hongxiang Gao; Xingyao Wang; Zhenghua Chen; Min Wu; Zhipeng Cai; Lulu Zhao; Jianqing Li; Chengyu Liu,2024,IEEE Journal of Biomedical and Health Informatics,10.1109/JBHI.2024.3416944,PubMed,EEG emotion datasets,,,,emotion recognition,,,,,,Graph neural network,GCN with connectivity uncertainty,,study-reported setting,study-reported classification metrics,,,Focuses on ambiguous topological information and connectivity uncertainty in EEG channel relationships.,Need full-text extraction for evaluation setup and performance.,Useful for the subsection on uncertainty-aware graph modeling.,
13,Screened,Original Research,Automatically Extracting and Utilizing EEG Channel Importance Based on Graph Convolutional Network for Emotion Recognition,Kun Yang; Zhenning Yao; Keze Zhang; Jing Xu; Li Zhu; Shichao Cheng; Jianhai Zhang,2024,IEEE Journal of Biomedical and Health Informatics,10.1109/JBHI.2024.3404146,PubMed,EEG emotion datasets,,,,emotion recognition,,,,,,Graph neural network,GCN with channel-importance extraction,,study-reported setting,study-reported classification metrics,,,Addresses dimensionality reduction and channel importance before graph modeling.,Need full-text extraction for benchmark details and whether cross-subject evaluation is included.,Useful for discussing channel-selection and graph sparsification trends.,
14,Screened,Original Research,Convolution spatial-temporal attention network for EEG emotion recognition,Lei Cao; Binlong Yu; Yilin Dong; Tianyu Liu; Jie Li,2024,Physiological Measurement,10.1088/1361-6579/ad9661,PubMed,EEG emotion datasets,,,,emotion recognition,,,,,,Attention-based deep learning,spatial-temporal attention network,,study-reported setting,study-reported classification metrics,,,Transforms EEG into spatiotemporal representations and emphasizes automatic feature learning over manual engineering.,Need detailed extraction for datasets and protocol.,Good representative paper for attention-based non-graph architectures.,
15,Screened,Original Research,EEG Emotion Recognition Network Based on Attention and Spatiotemporal Convolution,Xiaoliang Zhu; Chen Liu; Liang Zhao; Shengming Wang,2024,Sensors,10.3390/s24113464,PubMed; PMC,EEG emotion datasets,,,,emotion recognition,,,,,,Attention-based deep learning,attention plus spatiotemporal convolution,,study-reported setting,study-reported classification metrics,,,Represents the 2024 trend of integrating attention mechanisms with spatiotemporal convolution for EEG affect decoding.,Need full-text extraction for exact architecture and results.,Open-access source that can be mined quickly for details.,
16,Screened,Original Research,Domain adaptation spatial feature perception neural network for cross-subject EEG emotion recognition,Wei Lu; Xiaobo Zhang; Lingnan Xia; Hua Ma; Tien-Ping Tan,2024,Frontiers in Human Neuroscience,10.3389/fnhum.2024.1471634,PubMed; PMC,cross-subject EEG emotion datasets,,,,emotion recognition,cross-subject,,,,,Domain adaptation,spatial feature perception network,cross-subject,subject-independent,study-reported classification metrics,,,Addresses the challenge of jointly capturing spatial activity and spatial topology features under cross-subject transfer.,Need exact dataset and comparative performance extraction.,Important for the domain-adaptation subsection.,
17,Screened,Original Research,Multi-source domain adaptation for EEG emotion recognition based on inter-domain sample hybridization,Xu Wu; Xiangyu Ju; Sheng Dai; Xinyu Li; Ming Li,2024,Frontiers in Human Neuroscience,10.3389/fnhum.2024.1464431,PubMed; PMC,EEG emotion datasets,,,,emotion recognition,cross-subject,,,,,Multi-source domain adaptation,inter-domain sample hybridization,,subject-independent,study-reported classification metrics,,,Uses inter-domain sample hybridization to improve robustness under nonstationary EEG differences between subjects or sessions.,Need exact evaluation details from full text.,Useful for comparing multi-source adaptation strategies.,
18,Screened,Original Research,Emotion recognition using multi-scale EEG features through graph convolutional attention network,Liwen Cao; Wenfeng Zhao; Biao Sun,2025,Neural Networks,10.1016/j.neunet.2024.107060,PubMed,EEG emotion datasets,,,,emotion recognition,,,,,,Graph neural network with attention,GCAN on multi-scale features,,study-reported setting,study-reported classification metrics,,,Combines multi-scale EEG feature design with graph convolutional attention for emotion recognition.,"Need full-text extraction for datasets, scale design, and protocol.",Good 2025 continuation of graph-attention trend.,
19,Screened,Original Research,EmT: A Novel Transformer for Generalized Cross-Subject EEG Emotion Recognition,Yi Ding; Chengxuan Tong; Shuailei Zhang; Muyun Jiang; Yong Li; Kevin JunLiang Lim; Cuntai Guan,2025,IEEE Transactions on Neural Networks and Learning Systems,10.1109/TNNLS.2025.3552603,PubMed,cross-subject EEG emotion datasets,,,,emotion recognition,cross-subject,,,,,Transformer,EmT,cross-subject,subject-independent,study-reported classification metrics,,,Integrates neurophysiology prior knowledge into a transformer architecture for generalized cross-subject EEG emotion recognition.,Need full-text extraction for exact datasets and benchmark results.,High-value paper for the transformer subsection and cross-subject discussion.,
20,Screened,Original Research,HASTF: a hybrid attention spatio-temporal feature fusion network for EEG emotion recognition,Fangzhou Hu; Fei Wang; Jinying Bi; Zida An; Chao Chen; Gangguo Qu; Shuai Han,2024,Frontiers in Neuroscience,10.3389/fnins.2024.1479570,PubMed; PMC,EEG emotion datasets,,,,emotion recognition,,,,,,Attention-based deep learning,hybrid attention spatio-temporal feature fusion network,,study-reported setting,study-reported classification metrics,,,Targets joint spatio-temporal fusion and interpretability in affective BCI-oriented EEG emotion recognition.,"Need exact dataset, metric, and comparison extraction from full text.",Useful bridge paper between attention models and affective BCI framing.,
21,Screened,Original Research,CATM: A Multi-Feature-Based Cross-Scale Attentional Convolutional EEG Emotion Recognition Model,Hongde Yu; Xin Xiong; Jianhua Zhou; Ren Qian; Kaiwen Sha,2024,Sensors,10.3390/s24154837,PubMed; PMC,EEG emotion datasets,,,,emotion recognition,,,,,,Attention-based deep learning,cross-scale attentional convolutional model,,study-reported setting,study-reported classification metrics,,,"Combines time, frequency, and spatial cues through cross-scale attention over multi-feature EEG representations.",Need detailed extraction for feature construction and benchmarks.,Good representative paper for multi-feature CNN attention designs.,
22,Screened,Original Research,Spatio-temporal CNN-BiLSTM dynamic approach to emotion recognition based on EEG signal,Usman Goni Redwan; Tanha Zaman; Hazzaz Bin Mizan,2025,Computers in Biology and Medicine,10.1016/j.compbiomed.2025.110277,PubMed,SEED,,,,emotion recognition,three-class,positive negative neutral,,PSD features,,,Hybrid deep learning,CNN-BiLSTM,,study-reported setting,study-reported classification metrics,,,Presents a CNN-BiLSTM hybrid using PSD-based representations on SEED for dynamic EEG emotion recognition.,Need full-text extraction for exact preprocessing and validation protocol.,Useful to balance the corpus with CNN-RNN hybrids beyond graph-centric work.
23,Screened,Original Research,Brain-inspired modular echo state network for EEG-based emotion recognition,Liuyi Yang; Zhaoze Wang; Guoyu Wang; Lixin Liang; Meng Liu; Junsong Wang,2024,Frontiers in Neuroscience,10.3389/fnins.2024.1305284,PubMed; PMC,EEG emotion datasets,,,,emotion recognition,,,,,,Recurrent model,modular echo state network,,study-reported setting,study-reported classification metrics,,,Represents a lightweight recurrent modeling direction for EEG emotion recognition with lower training complexity than heavier deep architectures.,Need exact dataset and result extraction from full text.,Useful when comparing lightweight models and deployment-oriented methods.,
24,Screened,Original Research,Cross-modal credibility modelling for EEG-based multimodal emotion recognition,Yuzhe Zhang; Huan Liu; Di Wang; Dalin Zhang; Tianyu Lou; Qinghua Zheng; Chai Quek,2024,Journal of Neural Engineering,10.1088/1741-2552/ad3987,PubMed,EEG plus peripheral physiological modalities,,,,emotion recognition,multimodal,,,,,,Multimodal fusion,cross-modal credibility modelling,,study-reported setting,study-reported classification metrics,,,Addresses modality heterogeneity and signal credibility in EEG-centered multimodal emotion recognition.,"Need full-text extraction for modality set, datasets, and evaluation details.",Important if the review keeps a bounded multimodal subsection.
25,Screened,Original Research,Multimodal Emotion Recognition Based on EEG and EOG Signals Evoked by the Video-Odor Stimuli,Minchao Wu; Wei Teng; Cunhang Fan; Shengbing Pei; Ping Li; Guanxiong Pei; Taihao Li; Wen Liang; Zhao Lv,2024,IEEE Transactions on Neural Systems and Rehabilitation Engineering,10.1109/TNSRE.2024.3457580,PubMed,EEG and EOG under video-odor stimuli,,,,emotion recognition,multimodal,video-odor stimuli,,,,,Multimodal fusion,EEG-EOG multimodal model,,study-reported setting,study-reported classification metrics,,,Introduces a multisensory elicitation paradigm and EEG-EOG multimodal emotion-recognition framework.,Need detailed extraction for experimental design and labels.,Useful for discussing richer elicitation paradigms and multimodal affective BCI extensions.